iteracion,subset,f1_score
392,"['Domain_registeration_length', 'Redirect', 'SSLfinal_State', 'web_traffic', 'URL_of_Anchor']",0.9217877094972067
212,"['having_Sub_Domain', 'Shortining_Service', 'SSLfinal_State', 'age_of_domain', 'URL_of_Anchor']",0.9191146881287726
493,"['SSLfinal_State', 'URL_of_Anchor', 'RightClick', 'web_traffic', 'on_mouseover']",0.9177316293929713
174,"['SSLfinal_State', 'SFH', 'Domain_registeration_length', 'URL_of_Anchor', 'having_IP_Address']",0.9169354838709678
245,"['having_Sub_Domain', 'URL_of_Anchor', 'having_At_Symbol', 'Abnormal_URL', 'SSLfinal_State']",0.9168684422921711
305,"['HTTPS_token', 'URL_of_Anchor', 'double_slash_redirecting', 'SSLfinal_State', 'Submitting_to_email']",0.9130610594419734
379,"['SSLfinal_State', 'URL_of_Anchor', 'port', 'Page_Rank', 'Links_in_tags']",0.912746280659429
273,"['Abnormal_URL', 'URL_of_Anchor', 'Shortining_Service', 'SSLfinal_State', 'Page_Rank']",0.9114331723027376
234,"['DNSRecord', 'URL_of_Anchor', 'on_mouseover', 'web_traffic', 'SSLfinal_State']",0.9113320079522863
301,"['SSLfinal_State', 'age_of_domain', 'Shortining_Service', 'URL_of_Anchor', 'having_At_Symbol']",0.910483870967742
422,"['URL_of_Anchor', 'Google_Index', 'having_At_Symbol', 'SSLfinal_State', 'Redirect']",0.9096774193548387
216,"['Iframe', 'SSLfinal_State', 'Favicon', 'popUpWidnow', 'Redirect']",0.9019138755980861
496,"['Submitting_to_email', 'Redirect', 'SSLfinal_State', 'Iframe', 'double_slash_redirecting']",0.8972629908766363
300,"['SSLfinal_State', 'RightClick', 'popUpWidnow', 'Statistical_report', 'Favicon']",0.8944199116820554
61,"['Links_pointing_to_page', 'Redirect', 'SFH', 'SSLfinal_State', 'web_traffic']",0.8943217665615142
194,"['Iframe', 'Page_Rank', 'RightClick', 'SSLfinal_State', 'having_At_Symbol']",0.8938856015779093
5,"['SSLfinal_State', 'Submitting_to_email', 'on_mouseover', 'having_IP_Address', 'Abnormal_URL']",0.8937178980640064
24,"['SSLfinal_State', 'popUpWidnow', 'port', 'Page_Rank', 'DNSRecord']",0.8936170212765957
338,"['RightClick', 'HTTPS_token', 'having_At_Symbol', 'popUpWidnow', 'SSLfinal_State']",0.8933649289099526
86,"['having_Sub_Domain', 'popUpWidnow', 'Iframe', 'port', 'SSLfinal_State']",0.8931657501963864
2,"['SSLfinal_State', 'double_slash_redirecting', 'age_of_domain', 'having_At_Symbol', 'popUpWidnow']",0.8930122384524279
55,"['SSLfinal_State', 'Shortining_Service', 'port', 'having_IP_Address', 'Redirect']",0.8930122384524279
147,"['double_slash_redirecting', 'having_IP_Address', 'URL_Length', 'SSLfinal_State', 'SFH']",0.8923076923076924
484,"['Request_URL', 'Shortining_Service', 'HTTPS_token', 'SSLfinal_State', 'having_IP_Address']",0.8912529550827423
17,"['DNSRecord', 'Favicon', 'Shortining_Service', 'Google_Index', 'SSLfinal_State']",0.891175306687772
66,"['port', 'web_traffic', 'Google_Index', 'having_At_Symbol', 'SSLfinal_State']",0.8909163030543436
59,"['Submitting_to_email', 'SSLfinal_State', 'Domain_registeration_length', 'popUpWidnow', 'SFH']",0.8905511811023622
150,"['Iframe', 'Request_URL', 'SFH', 'SSLfinal_State', 'double_slash_redirecting']",0.8905511811023622
146,"['SSLfinal_State', 'popUpWidnow', 'Favicon', 'web_traffic', 'having_Sub_Domain']",0.8903680501174628
7,"['SSLfinal_State', 'Links_in_tags', 'Redirect', 'Domain_registeration_length', 'web_traffic']",0.8902920284135754
165,"['Abnormal_URL', 'Shortining_Service', 'double_slash_redirecting', 'SSLfinal_State', 'Request_URL']",0.8902007083825265
185,"['RightClick', 'URL_Length', 'DNSRecord', 'having_IP_Address', 'SSLfinal_State']",0.8901098901098901
184,"['HTTPS_token', 'SSLfinal_State', 'RightClick', 'Shortining_Service', 'DNSRecord']",0.8898505114083399
321,"['DNSRecord', 'web_traffic', 'SSLfinal_State', 'on_mouseover', 'HTTPS_token']",0.8896713615023474
187,"['SSLfinal_State', 'double_slash_redirecting', 'SFH', 'popUpWidnow', 'having_At_Symbol']",0.8895005898545025
92,"['Links_pointing_to_page', 'Shortining_Service', 'SSLfinal_State', 'HTTPS_token', 'Favicon']",0.8895005898545025
362,"['double_slash_redirecting', 'having_IP_Address', 'HTTPS_token', 'web_traffic', 'SSLfinal_State']",0.8889757623143081
483,"['URL_Length', 'Request_URL', 'Submitting_to_email', 'HTTPS_token', 'SSLfinal_State']",0.8887147335423198
32,"['HTTPS_token', 'SSLfinal_State', 'double_slash_redirecting', 'Submitting_to_email', 'SFH']",0.8884524744697565
233,"['Favicon', 'Shortining_Service', 'SSLfinal_State', 'having_At_Symbol', 'Abnormal_URL']",0.8884524744697565
47,"['Favicon', 'SSLfinal_State', 'URL_Length', 'Links_pointing_to_page', 'Redirect']",0.8883666274970623
471,"['Links_in_tags', 'SSLfinal_State', 'Abnormal_URL', 'Favicon', 'web_traffic']",0.8883666274970623
54,"['Links_pointing_to_page', 'Submitting_to_email', 'Links_in_tags', 'having_At_Symbol', 'SSLfinal_State']",0.8881914476265202
344,"['having_At_Symbol', 'SSLfinal_State', 'Links_pointing_to_page', 'Abnormal_URL', 'double_slash_redirecting']",0.8881036513545347
355,"['URL_Length', 'web_traffic', 'port', 'SSLfinal_State', 'double_slash_redirecting']",0.8879344006247559
492,"['having_At_Symbol', 'DNSRecord', 'Favicon', 'SSLfinal_State', 'URL_Length']",0.8878431372549019
163,"['SSLfinal_State', 'Domain_registeration_length', 'Links_in_tags', 'Shortining_Service', 'Iframe']",0.8874068262063555
56,"['Abnormal_URL', 'SSLfinal_State', 'Redirect', 'having_IP_Address', 'Shortining_Service']",0.8874068262063555
215,"['having_IP_Address', 'Shortining_Service', 'Favicon', 'SSLfinal_State', 'Request_URL']",0.8868954758190327
25,"['DNSRecord', 'URL_Length', 'SSLfinal_State', 'Page_Rank', 'web_traffic']",0.8862042088854248
271,"['having_IP_Address', 'RightClick', 'on_mouseover', 'web_traffic', 'SSLfinal_State']",0.8859166011014948
121,"['Page_Rank', 'web_traffic', 'Google_Index', 'SSLfinal_State', 'having_IP_Address']",0.8856581532416503
110,"['Links_pointing_to_page', 'HTTPS_token', 'having_Sub_Domain', 'popUpWidnow', 'SSLfinal_State']",0.8855140186915887
286,"['port', 'Google_Index', 'having_Sub_Domain', 'Iframe', 'SSLfinal_State']",0.8854538248117321
309,"['Redirect', 'double_slash_redirecting', 'SSLfinal_State', 'Links_in_tags', 'RightClick']",0.8852330591461026
277,"['SFH', 'SSLfinal_State', 'Links_in_tags', 'Abnormal_URL', 'double_slash_redirecting']",0.8849765258215962
205,"['Google_Index', 'SSLfinal_State', 'Page_Rank', 'Statistical_report', 'Shortining_Service']",0.8849487785657998
213,"['SFH', 'Abnormal_URL', 'DNSRecord', 'SSLfinal_State', 'Iframe']",0.8842845973416732
414,"['Abnormal_URL', 'Iframe', 'SSLfinal_State', 'Submitting_to_email', 'Page_Rank']",0.8835216205687573
469,"['HTTPS_token', 'popUpWidnow', 'age_of_domain', 'SSLfinal_State', 'Links_in_tags']",0.882903981264637
390,"['SFH', 'SSLfinal_State', 'Google_Index', 'having_At_Symbol', 'HTTPS_token']",0.8818897637795275
206,"['Domain_registeration_length', 'Links_pointing_to_page', 'Links_in_tags', 'SSLfinal_State', 'DNSRecord']",0.8814613291877186
481,"['Shortining_Service', 'Statistical_report', 'SSLfinal_State', 'Page_Rank', 'Links_in_tags']",0.8812767613857532
154,"['Links_in_tags', 'URL_Length', 'Abnormal_URL', 'SSLfinal_State', 'Statistical_report']",0.8811188811188811
461,"['DNSRecord', 'SFH', 'having_Sub_Domain', 'SSLfinal_State', 'double_slash_redirecting']",0.8810538550949244
293,"['Links_in_tags', 'having_IP_Address', 'age_of_domain', 'double_slash_redirecting', 'URL_of_Anchor']",0.8810437452033768
410,"['SSLfinal_State', 'Request_URL', 'on_mouseover', 'URL_Length', 'having_IP_Address']",0.8807126258714175
367,"['Links_in_tags', 'Submitting_to_email', 'SSLfinal_State', 'on_mouseover', 'URL_Length']",0.8804347826086957
35,"['URL_of_Anchor', 'on_mouseover', 'Shortining_Service', 'Request_URL', 'Links_in_tags']",0.8804306036139946
219,"['Links_in_tags', 'Domain_registeration_length', 'Favicon', 'SSLfinal_State', 'having_At_Symbol']",0.880248833592535
83,"['having_At_Symbol', 'Links_pointing_to_page', 'Redirect', 'SSLfinal_State', 'on_mouseover']",0.879906723668869
16,"['Iframe', 'Shortining_Service', 'URL_Length', 'popUpWidnow', 'SSLfinal_State']",0.8797517455391777
57,"['Iframe', 'RightClick', 'URL_Length', 'SSLfinal_State', 'Shortining_Service']",0.879410624272974
253,"['on_mouseover', 'Domain_registeration_length', 'having_IP_Address', 'Shortining_Service', 'SSLfinal_State']",0.8786707882534776
346,"['Iframe', 'Abnormal_URL', 'URL_of_Anchor', 'Redirect', 'age_of_domain']",0.8775362318840579
427,"['RightClick', 'Page_Rank', 'double_slash_redirecting', 'SSLfinal_State', 'having_At_Symbol']",0.8775108310358409
266,"['Abnormal_URL', 'Links_in_tags', 'URL_of_Anchor', 'URL_Length', 'having_Sub_Domain']",0.8770096463022508
308,"['on_mouseover', 'popUpWidnow', 'SSLfinal_State', 'SFH', 'Statistical_report']",0.8761523046092184
161,"['Domain_registeration_length', 'DNSRecord', 'SSLfinal_State', 'Page_Rank', 'RightClick']",0.8751926040061633
480,"['Links_pointing_to_page', 'Submitting_to_email', 'double_slash_redirecting', 'Page_Rank', 'URL_of_Anchor']",0.8745980707395499
197,"['HTTPS_token', 'Abnormal_URL', 'URL_of_Anchor', 'popUpWidnow', 'Shortining_Service']",0.8745980707395499
108,"['URL_of_Anchor', 'double_slash_redirecting', 'URL_Length', 'Favicon', 'HTTPS_token']",0.8745980707395499
135,"['Links_pointing_to_page', 'Favicon', 'Submitting_to_email', 'popUpWidnow', 'URL_of_Anchor']",0.8745980707395499
364,"['URL_Length', 'double_slash_redirecting', 'age_of_domain', 'URL_of_Anchor', 'Submitting_to_email']",0.8745980707395499
459,"['popUpWidnow', 'URL_of_Anchor', 'Submitting_to_email', 'HTTPS_token', 'having_IP_Address']",0.8745980707395499
130,"['URL_Length', 'Iframe', 'URL_of_Anchor', 'having_IP_Address', 'Submitting_to_email']",0.8745980707395499
172,"['Google_Index', 'Links_pointing_to_page', 'Page_Rank', 'URL_of_Anchor', 'Abnormal_URL']",0.8745788094346687
137,"['double_slash_redirecting', 'having_Sub_Domain', 'URL_of_Anchor', 'popUpWidnow', 'Request_URL']",0.8745603751465416
168,"['having_Sub_Domain', 'Page_Rank', 'URL_of_Anchor', 'Request_URL', 'Links_pointing_to_page']",0.8738980452280567
132,"['age_of_domain', 'popUpWidnow', 'having_Sub_Domain', 'HTTPS_token', 'URL_of_Anchor']",0.873735481453728
203,"['Abnormal_URL', 'DNSRecord', 'SFH', 'Links_in_tags', 'URL_of_Anchor']",0.8730800323362975
119,"['URL_Length', 'Google_Index', 'SFH', 'SSLfinal_State', 'having_Sub_Domain']",0.8729719034428176
333,"['SSLfinal_State', 'Google_Index', 'popUpWidnow', 'age_of_domain', 'Request_URL']",0.8729666924864447
158,"['Page_Rank', 'age_of_domain', 'Links_pointing_to_page', 'Submitting_to_email', 'URL_of_Anchor']",0.8717579250720461
287,"['Redirect', 'Request_URL', 'SSLfinal_State', 'Google_Index', 'DNSRecord']",0.8714953271028038
164,"['Favicon', 'SSLfinal_State', 'Domain_registeration_length', 'port', 'Links_pointing_to_page']",0.871264367816092
140,"['having_IP_Address', 'Favicon', 'having_Sub_Domain', 'URL_of_Anchor', 'web_traffic']",0.870722433460076
378,"['Google_Index', 'having_Sub_Domain', 'URL_of_Anchor', 'Links_in_tags', 'Links_pointing_to_page']",0.8700696055684455
322,"['SSLfinal_State', 'RightClick', 'having_Sub_Domain', 'on_mouseover', 'Domain_registeration_length']",0.8700347088314694
315,"['Request_URL', 'Google_Index', 'SFH', 'having_At_Symbol', 'SSLfinal_State']",0.8698039215686274
243,"['Shortining_Service', 'popUpWidnow', 'SSLfinal_State', 'Statistical_report', 'Domain_registeration_length']",0.8695984703632887
386,"['having_At_Symbol', 'URL_of_Anchor', 'HTTPS_token', 'Google_Index', 'popUpWidnow']",0.8694998119593832
416,"['Google_Index', 'age_of_domain', 'URL_Length', 'URL_of_Anchor', 'having_IP_Address']",0.8694998119593832
152,"['Google_Index', 'DNSRecord', 'Links_pointing_to_page', 'having_At_Symbol', 'URL_of_Anchor']",0.8689759036144579
30,"['double_slash_redirecting', 'SSLfinal_State', 'age_of_domain', 'Abnormal_URL', 'Domain_registeration_length']",0.8679678530424799
405,"['popUpWidnow', 'Shortining_Service', 'Domain_registeration_length', 'Links_in_tags', 'URL_of_Anchor']",0.8679245283018868
82,"['Shortining_Service', 'popUpWidnow', 'Google_Index', 'SSLfinal_State', 'Request_URL']",0.8668467773060594
252,"['URL_Length', 'Links_pointing_to_page', 'URL_of_Anchor', 'age_of_domain', 'port']",0.8662790697674418
199,"['URL_of_Anchor', 'Page_Rank', 'SFH', 'having_At_Symbol', 'HTTPS_token']",0.8656283955088736
67,"['having_Sub_Domain', 'Abnormal_URL', 'Links_in_tags', 'double_slash_redirecting', 'URL_of_Anchor']",0.865392435949573
4,"['URL_of_Anchor', 'URL_Length', 'having_IP_Address', 'Shortining_Service', 'having_Sub_Domain']",0.8652766639935846
62,"['SFH', 'web_traffic', 'URL_of_Anchor', 'having_Sub_Domain', 'having_At_Symbol']",0.863905325443787
313,"['Redirect', 'Favicon', 'RightClick', 'URL_of_Anchor', 'Iframe']",0.8635541078537822
347,"['age_of_domain', 'double_slash_redirecting', 'Links_pointing_to_page', 'URL_of_Anchor', 'RightClick']",0.8635541078537822
149,"['URL_of_Anchor', 'Links_pointing_to_page', 'RightClick', 'Redirect', 'having_Sub_Domain']",0.8632571635836054
236,"['Links_in_tags', 'Favicon', 'Google_Index', 'Redirect', 'URL_of_Anchor']",0.8625047874377633
84,"['URL_Length', 'on_mouseover', 'Shortining_Service', 'URL_of_Anchor', 'popUpWidnow']",0.8624725676664228
182,"['Domain_registeration_length', 'DNSRecord', 'Page_Rank', 'URL_of_Anchor', 'Shortining_Service']",0.8622153608645311
383,"['Shortining_Service', 'Page_Rank', 'URL_of_Anchor', 'having_At_Symbol', 'age_of_domain']",0.8618421052631579
261,"['port', 'URL_of_Anchor', 'Iframe', 'SFH', 'Favicon']",0.8615384615384616
358,"['Google_Index', 'SSLfinal_State', 'port', 'DNSRecord', 'double_slash_redirecting']",0.860730593607306
350,"['Links_in_tags', 'SSLfinal_State', 'Google_Index', 'HTTPS_token', 'having_At_Symbol']",0.860248447204969
112,"['Links_pointing_to_page', 'Google_Index', 'URL_of_Anchor', 'on_mouseover', 'age_of_domain']",0.8601986249045073
217,"['HTTPS_token', 'SFH', 'Abnormal_URL', 'Submitting_to_email', 'URL_of_Anchor']",0.8601602330662782
408,"['URL_of_Anchor', 'having_At_Symbol', 'Favicon', 'popUpWidnow', 'Redirect']",0.8593406593406593
342,"['Iframe', 'Favicon', 'RightClick', 'URL_of_Anchor', 'having_At_Symbol']",0.8590211833455077
419,"['URL_of_Anchor', 'Favicon', 'having_At_Symbol', 'Request_URL', 'having_IP_Address']",0.8588679245283019
474,"['Favicon', 'DNSRecord', 'Request_URL', 'Submitting_to_email', 'URL_of_Anchor']",0.8588588588588588
259,"['Shortining_Service', 'SFH', 'HTTPS_token', 'URL_of_Anchor', 'port']",0.8581844695588772
63,"['having_At_Symbol', 'popUpWidnow', 'URL_of_Anchor', 'HTTPS_token', 'Links_in_tags']",0.8579859830320915
348,"['having_At_Symbol', 'Page_Rank', 'SFH', 'on_mouseover', 'URL_of_Anchor']",0.8576696165191741
242,"['SSLfinal_State', 'Favicon', 'Iframe', 'Google_Index', 'Links_in_tags']",0.857365549493375
51,"['on_mouseover', 'URL_of_Anchor', 'having_Sub_Domain', 'Statistical_report', 'Abnormal_URL']",0.8571428571428571
447,"['HTTPS_token', 'Statistical_report', 'Favicon', 'Request_URL', 'URL_of_Anchor']",0.8568273831431726
167,"['URL_of_Anchor', 'port', 'Abnormal_URL', 'Links_in_tags', 'URL_Length']",0.8566788469346326
105,"['URL_of_Anchor', 'Abnormal_URL', 'having_IP_Address', 'having_At_Symbol', 'Shortining_Service']",0.8561971312982715
406,"['SFH', 'on_mouseover', 'Links_in_tags', 'URL_of_Anchor', 'Domain_registeration_length']",0.8552321007081038
102,"['URL_of_Anchor', 'Page_Rank', 'Domain_registeration_length', 'URL_Length', 'having_IP_Address']",0.8547008547008547
418,"['Redirect', 'URL_of_Anchor', 'Request_URL', 'Iframe', 'RightClick']",0.8546125461254612
381,"['URL_of_Anchor', 'port', 'popUpWidnow', 'Domain_registeration_length', 'HTTPS_token']",0.8540755467196819
375,"['on_mouseover', 'Submitting_to_email', 'Favicon', 'Links_in_tags', 'URL_of_Anchor']",0.8539904376609048
380,"['Request_URL', 'URL_of_Anchor', 'age_of_domain', 'having_At_Symbol', 'port']",0.8537578674564976
276,"['Submitting_to_email', 'Iframe', 'Domain_registeration_length', 'URL_of_Anchor', 'Page_Rank']",0.8531359563693027
258,"['Redirect', 'URL_of_Anchor', 'RightClick', 'Page_Rank', 'SFH']",0.8528440366972477
9,"['Iframe', 'URL_of_Anchor', 'port', 'Domain_registeration_length', 'double_slash_redirecting']",0.8526946107784431
497,"['Favicon', 'URL_of_Anchor', 'having_IP_Address', 'on_mouseover', 'HTTPS_token']",0.8525073746312685
491,"['Abnormal_URL', 'age_of_domain', 'on_mouseover', 'Submitting_to_email', 'URL_of_Anchor']",0.8524107471475892
280,"['Domain_registeration_length', 'DNSRecord', 'web_traffic', 'Google_Index', 'URL_of_Anchor']",0.8518375241779497
31,"['age_of_domain', 'Redirect', 'URL_of_Anchor', 'Links_pointing_to_page', 'Request_URL']",0.8516634050880626
482,"['Links_pointing_to_page', 'HTTPS_token', 'Statistical_report', 'having_IP_Address', 'URL_of_Anchor']",0.8516605166051661
387,"['DNSRecord', 'URL_of_Anchor', 'Google_Index', 'Statistical_report', 'age_of_domain']",0.8498452012383901
128,"['port', 'URL_of_Anchor', 'on_mouseover', 'Submitting_to_email', 'having_At_Symbol']",0.8477611940298507
370,"['URL_Length', 'SFH', 'Google_Index', 'Request_URL', 'URL_of_Anchor']",0.8476499189627229
75,"['Statistical_report', 'web_traffic', 'Links_in_tags', 'Favicon', 'URL_of_Anchor']",0.8446638815039879
166,"['Iframe', 'double_slash_redirecting', 'having_Sub_Domain', 'Shortining_Service', 'URL_of_Anchor']",0.8409001184366364
127,"['on_mouseover', 'URL_of_Anchor', 'HTTPS_token', 'age_of_domain', 'web_traffic']",0.8395437262357415
6,"['having_Sub_Domain', 'Iframe', 'RightClick', 'Abnormal_URL', 'URL_of_Anchor']",0.8392715756136183
116,"['Statistical_report', 'URL_of_Anchor', 'web_traffic', 'popUpWidnow', 'Google_Index']",0.8312
340,"['port', 'Statistical_report', 'on_mouseover', 'SSLfinal_State', 'RightClick']",0.8266360505166476
288,"['URL_of_Anchor', 'URL_Length', 'port', 'age_of_domain', 'SFH']",0.8245828245828246
439,"['Request_URL', 'Links_in_tags', 'Redirect', 'Abnormal_URL', 'web_traffic']",0.7620920173023987
500,"['Submitting_to_email', 'web_traffic', 'Abnormal_URL', 'having_IP_Address', 'Request_URL']",0.74364896073903
325,"['web_traffic', 'Links_in_tags', 'URL_Length', 'Redirect', 'HTTPS_token']",0.739080015461925
12,"['Domain_registeration_length', 'web_traffic', 'URL_Length', 'age_of_domain', 'Links_in_tags']",0.7365129007036747
311,"['web_traffic', 'Links_in_tags', 'Links_pointing_to_page', 'Favicon', 'popUpWidnow']",0.7362845251608021
359,"['web_traffic', 'Links_pointing_to_page', 'on_mouseover', 'having_IP_Address', 'Domain_registeration_length']",0.7352048558421851
441,"['web_traffic', 'Redirect', 'RightClick', 'having_Sub_Domain', 'port']",0.7345864661654136
360,"['Google_Index', 'double_slash_redirecting', 'Abnormal_URL', 'Domain_registeration_length', 'web_traffic']",0.7344163203626747
356,"['web_traffic', 'Redirect', 'having_Sub_Domain', 'Shortining_Service', 'Page_Rank']",0.7343113284433578
175,"['Request_URL', 'port', 'popUpWidnow', 'web_traffic', 'age_of_domain']",0.7336914811972371
289,"['Iframe', 'Statistical_report', 'web_traffic', 'Request_URL', 'popUpWidnow']",0.7332567929582855
69,"['Statistical_report', 'Shortining_Service', 'Links_in_tags', 'web_traffic', 'Google_Index']",0.7331515387611999
472,"['web_traffic', 'SFH', 'Links_pointing_to_page', 'Page_Rank', 'having_Sub_Domain']",0.7319289549772822
232,"['popUpWidnow', 'URL_Length', 'double_slash_redirecting', 'web_traffic', 'Redirect']",0.7317460317460317
290,"['web_traffic', 'Page_Rank', 'RightClick', 'double_slash_redirecting', 'SFH']",0.730195177956372
352,"['HTTPS_token', 'URL_Length', 'Request_URL', 'Domain_registeration_length', 'having_Sub_Domain']",0.729988510149368
443,"['Links_in_tags', 'having_At_Symbol', 'web_traffic', 'Links_pointing_to_page', 'Page_Rank']",0.7296669248644462
188,"['Redirect', 'having_Sub_Domain', 'Links_in_tags', 'Iframe', 'Domain_registeration_length']",0.7287004318806439
328,"['double_slash_redirecting', 'web_traffic', 'Abnormal_URL', 'Links_pointing_to_page', 'HTTPS_token']",0.7284872298624755
415,"['popUpWidnow', 'web_traffic', 'HTTPS_token', 'Shortining_Service', 'Request_URL']",0.7284086732818816
76,"['Iframe', 'age_of_domain', 'web_traffic', 'Abnormal_URL', 'popUpWidnow']",0.7282204020848846
384,"['age_of_domain', 'HTTPS_token', 'web_traffic', 'double_slash_redirecting', 'Abnormal_URL']",0.7279874213836478
314,"['Domain_registeration_length', 'Links_in_tags', 'Google_Index', 'Favicon', 'having_Sub_Domain']",0.7276870489935435
456,"['Request_URL', 'RightClick', 'web_traffic', 'port', 'Page_Rank']",0.7269345238095238
334,"['Google_Index', 'web_traffic', 'Abnormal_URL', 'HTTPS_token', 'Shortining_Service']",0.7256493506493507
155,"['Google_Index', 'having_At_Symbol', 'Links_in_tags', 'double_slash_redirecting', 'web_traffic']",0.7256217923410975
278,"['Request_URL', 'having_Sub_Domain', 'Statistical_report', 'on_mouseover', 'Submitting_to_email']",0.7244897959183674
209,"['SFH', 'having_Sub_Domain', 'HTTPS_token', 'web_traffic', 'Domain_registeration_length']",0.723404255319149
100,"['Google_Index', 'Domain_registeration_length', 'Submitting_to_email', 'SFH', 'Links_pointing_to_page']",0.7217423957942171
304,"['having_IP_Address', 'URL_Length', 'port', 'web_traffic', 'Favicon']",0.7212504652028284
180,"['URL_Length', 'Domain_registeration_length', 'Request_URL', 'port', 'having_Sub_Domain']",0.7207920792079208
214,"['SFH', 'RightClick', 'Iframe', 'Links_in_tags', 'web_traffic']",0.7207678883071553
349,"['Domain_registeration_length', 'URL_Length', 'Iframe', 'HTTPS_token', 'having_Sub_Domain']",0.718299164768413
462,"['double_slash_redirecting', 'Shortining_Service', 'Favicon', 'Google_Index', 'web_traffic']",0.7178571428571429
26,"['port', 'Request_URL', 'Domain_registeration_length', 'Shortining_Service', 'having_Sub_Domain']",0.7168176447420245
235,"['DNSRecord', 'Submitting_to_email', 'Request_URL', 'Links_in_tags', 'Statistical_report']",0.7168011738811445
345,"['Request_URL', 'Links_in_tags', 'HTTPS_token', 'popUpWidnow', 'age_of_domain']",0.7159046502540055
211,"['Links_pointing_to_page', 'Domain_registeration_length', 'Abnormal_URL', 'having_IP_Address', 'Submitting_to_email']",0.7157360406091371
195,"['Iframe', 'DNSRecord', 'Favicon', 'Google_Index', 'popUpWidnow']",0.7140127388535031
118,"['web_traffic', 'Iframe', 'having_At_Symbol', 'Request_URL', 'Google_Index']",0.7133550488599348
230,"['Domain_registeration_length', 'Google_Index', 'SFH', 'having_At_Symbol', 'Page_Rank']",0.7130166087292391
317,"['Favicon', 'having_IP_Address', 'Page_Rank', 'popUpWidnow', 'Request_URL']",0.7129455909943715
139,"['Redirect', 'Favicon', 'Request_URL', 'Abnormal_URL', 'Page_Rank']",0.7129428778018799
173,"['age_of_domain', 'Abnormal_URL', 'web_traffic', 'on_mouseover', 'Links_pointing_to_page']",0.7127496159754224
29,"['Statistical_report', 'RightClick', 'Links_in_tags', 'double_slash_redirecting', 'Domain_registeration_length']",0.7125748502994012
489,"['Links_in_tags', 'on_mouseover', 'having_IP_Address', 'Links_pointing_to_page', 'Shortining_Service']",0.7123824451410659
310,"['Domain_registeration_length', 'Links_in_tags', 'popUpWidnow', 'having_IP_Address', 'Links_pointing_to_page']",0.7116704805491991
122,"['popUpWidnow', 'having_Sub_Domain', 'Request_URL', 'port', 'Domain_registeration_length']",0.7115924588848777
123,"['Google_Index', 'Shortining_Service', 'DNSRecord', 'Domain_registeration_length', 'HTTPS_token']",0.7111777944486122
490,"['having_IP_Address', 'Domain_registeration_length', 'having_Sub_Domain', 'Page_Rank', 'double_slash_redirecting']",0.7111650485436893
53,"['Request_URL', 'popUpWidnow', 'RightClick', 'HTTPS_token', 'Links_in_tags']",0.7109634551495017
129,"['Request_URL', 'Links_pointing_to_page', 'Redirect', 'having_Sub_Domain', 'Domain_registeration_length']",0.7108816521048451
226,"['Domain_registeration_length', 'URL_Length', 'Abnormal_URL', 'Favicon', 'Iframe']",0.7099536211202283
440,"['age_of_domain', 'Links_pointing_to_page', 'URL_Length', 'Links_in_tags', 'Statistical_report']",0.7098925527973323
46,"['Statistical_report', 'HTTPS_token', 'Links_pointing_to_page', 'Page_Rank', 'web_traffic']",0.7083495145631068
196,"['on_mouseover', 'web_traffic', 'having_At_Symbol', 'Redirect', 'URL_Length']",0.7074780058651027
281,"['port', 'Statistical_report', 'web_traffic', 'Submitting_to_email', 'Domain_registeration_length']",0.7073651043717999
159,"['Page_Rank', 'Statistical_report', 'Abnormal_URL', 'Links_in_tags', 'Links_pointing_to_page']",0.7072992700729926
265,"['Submitting_to_email', 'Page_Rank', 'having_IP_Address', 'popUpWidnow', 'Google_Index']",0.7071968452185343
120,"['Page_Rank', 'Statistical_report', 'Links_in_tags', 'HTTPS_token', 'Favicon']",0.7071742313323572
353,"['having_At_Symbol', 'Google_Index', 'Page_Rank', 'Links_in_tags', 'Shortining_Service']",0.7069030554507733
202,"['RightClick', 'Domain_registeration_length', 'on_mouseover', 'web_traffic', 'Statistical_report']",0.7065302911093627
73,"['SFH', 'having_Sub_Domain', 'Google_Index', 'Request_URL', 'Links_pointing_to_page']",0.7061708214139762
467,"['Iframe', 'DNSRecord', 'on_mouseover', 'web_traffic', 'Links_pointing_to_page']",0.7061011904761905
40,"['age_of_domain', 'Links_pointing_to_page', 'Domain_registeration_length', 'Submitting_to_email', 'DNSRecord']",0.7058823529411765
231,"['Shortining_Service', 'Request_URL', 'SFH', 'Redirect', 'RightClick']",0.7048864948056945
335,"['web_traffic', 'Request_URL', 'having_IP_Address', 'Domain_registeration_length', 'Abnormal_URL']",0.7046379170056957
131,"['Statistical_report', 'web_traffic', 'Abnormal_URL', 'popUpWidnow', 'age_of_domain']",0.7045813586097947
295,"['web_traffic', 'Domain_registeration_length', 'port', 'on_mouseover', 'Iframe']",0.7045009784735812
238,"['having_At_Symbol', 'DNSRecord', 'having_Sub_Domain', 'RightClick', 'Domain_registeration_length']",0.7044470680834317
341,"['Shortining_Service', 'RightClick', 'Page_Rank', 'Links_in_tags', 'Statistical_report']",0.7043189368770764
486,"['RightClick', 'port', 'web_traffic', 'double_slash_redirecting', 'URL_Length']",0.7033356990773598
453,"['popUpWidnow', 'double_slash_redirecting', 'Statistical_report', 'HTTPS_token', 'Favicon']",0.7028391167192429
336,"['having_At_Symbol', 'Links_in_tags', 'HTTPS_token', 'popUpWidnow', 'age_of_domain']",0.7028265851795263
436,"['Submitting_to_email', 'Shortining_Service', 'Favicon', 'Links_in_tags', 'URL_Length']",0.7027840481565086
331,"['Favicon', 'age_of_domain', 'Google_Index', 'port', 'web_traffic']",0.7022900763358778
225,"['Favicon', 'having_IP_Address', 'Iframe', 'Abnormal_URL', 'double_slash_redirecting']",0.701766304347826
64,"['Google_Index', 'age_of_domain', 'URL_Length', 'popUpWidnow', 'RightClick']",0.701628664495114
330,"['Domain_registeration_length', 'Statistical_report', 'Page_Rank', 'SFH', 'web_traffic']",0.7015437392795884
11,"['Request_URL', 'having_At_Symbol', 'HTTPS_token', 'Google_Index', 'on_mouseover']",0.7007199177236887
299,"['Google_Index', 'Abnormal_URL', 'URL_Length', 'on_mouseover', 'Shortining_Service']",0.7006578947368421
18,"['Google_Index', 'having_At_Symbol', 'Request_URL', 'Domain_registeration_length', 'Links_in_tags']",0.7000801924619086
285,"['Abnormal_URL', 'DNSRecord', 'Request_URL', 'Links_in_tags', 'Statistical_report']",0.6998027613412229
222,"['SFH', 'Domain_registeration_length', 'age_of_domain', 'Redirect', 'DNSRecord']",0.6996078431372549
268,"['RightClick', 'Links_in_tags', 'DNSRecord', 'URL_Length', 'having_Sub_Domain']",0.6994797919167667
200,"['RightClick', 'Links_pointing_to_page', 'Page_Rank', 'Links_in_tags', 'Iframe']",0.6985032074126871
33,"['Shortining_Service', 'DNSRecord', 'URL_Length', 'Google_Index', 'having_At_Symbol']",0.6983050847457627
292,"['Google_Index', 'having_At_Symbol', 'Links_in_tags', 'Submitting_to_email', 'Statistical_report']",0.6982332155477032
156,"['Links_in_tags', 'popUpWidnow', 'Submitting_to_email', 'Abnormal_URL', 'on_mouseover']",0.6980842911877395
449,"['web_traffic', 'RightClick', 'port', 'Shortining_Service', 'having_At_Symbol']",0.6975907946781733
470,"['on_mouseover', 'Favicon', 'DNSRecord', 'age_of_domain', 'web_traffic']",0.6969809914275065
204,"['Page_Rank', 'age_of_domain', 'Redirect', 'Domain_registeration_length', 'port']",0.6966121050628092
193,"['Request_URL', 'Iframe', 'having_Sub_Domain', 'Shortining_Service', 'Redirect']",0.6960744637798462
250,"['Favicon', 'Iframe', 'Request_URL', 'Domain_registeration_length', 'Submitting_to_email']",0.6959152798789713
337,"['popUpWidnow', 'Domain_registeration_length', 'Redirect', 'Request_URL', 'Page_Rank']",0.6958579881656805
36,"['Submitting_to_email', 'Domain_registeration_length', 'Abnormal_URL', 'Google_Index', 'having_IP_Address']",0.6954177897574124
269,"['Domain_registeration_length', 'Abnormal_URL', 'double_slash_redirecting', 'Statistical_report', 'Favicon']",0.694800301431801
227,"['double_slash_redirecting', 'RightClick', 'Google_Index', 'DNSRecord', 'SFH']",0.6947890818858561
148,"['on_mouseover', 'Google_Index', 'DNSRecord', 'Shortining_Service', 'Links_in_tags']",0.6940480334145492
124,"['RightClick', 'Submitting_to_email', 'Request_URL', 'popUpWidnow', 'Page_Rank']",0.6933333333333334
97,"['Domain_registeration_length', 'having_At_Symbol', 'Links_pointing_to_page', 'age_of_domain', 'Abnormal_URL']",0.6932031543372137
458,"['popUpWidnow', 'Statistical_report', 'Submitting_to_email', 'Shortining_Service', 'RightClick']",0.693138500635324
142,"['Links_in_tags', 'popUpWidnow', 'having_Sub_Domain', 'Submitting_to_email', 'SFH']",0.6931284677763551
178,"['Redirect', 'popUpWidnow', 'having_IP_Address', 'Shortining_Service', 'RightClick']",0.6927453769559033
186,"['having_Sub_Domain', 'Page_Rank', 'having_IP_Address', 'on_mouseover', 'double_slash_redirecting']",0.6922201138519924
171,"['having_IP_Address', 'HTTPS_token', 'Favicon', 'DNSRecord', 'Request_URL']",0.6921875
403,"['Redirect', 'on_mouseover', 'Shortining_Service', 'Links_pointing_to_page', 'URL_Length']",0.6921135646687697
423,"['Request_URL', 'Submitting_to_email', 'Shortining_Service', 'Google_Index', 'Favicon']",0.6919393455706305
430,"['DNSRecord', 'RightClick', 'SFH', 'Links_in_tags', 'Redirect']",0.6915064102564102
98,"['double_slash_redirecting', 'Domain_registeration_length', 'Favicon', 'on_mouseover', 'having_Sub_Domain']",0.6909537453950061
332,"['having_At_Symbol', 'Links_in_tags', 'Shortining_Service', 'double_slash_redirecting', 'DNSRecord']",0.6908504635227731
70,"['Google_Index', 'Abnormal_URL', 'having_At_Symbol', 'URL_Length', 'RightClick']",0.6908474576271186
101,"['Statistical_report', 'Google_Index', 'URL_Length', 'Shortining_Service', 'RightClick']",0.6906721536351166
391,"['Google_Index', 'Abnormal_URL', 'HTTPS_token', 'having_At_Symbol', 'DNSRecord']",0.6904035266191929
14,"['Abnormal_URL', 'Favicon', 'Page_Rank', 'RightClick', 'on_mouseover']",0.6900658100908806
417,"['Links_in_tags', 'Statistical_report', 'Shortining_Service', 'Google_Index', 'port']",0.6900138696255201
283,"['Redirect', 'popUpWidnow', 'SFH', 'Google_Index', 'double_slash_redirecting']",0.6895356895356896
369,"['Submitting_to_email', 'Favicon', 'Links_in_tags', 'RightClick', 'having_IP_Address']",0.6893317702227433
254,"['popUpWidnow', 'Page_Rank', 'Google_Index', 'Redirect', 'having_IP_Address']",0.6891260840560374
263,"['URL_Length', 'Links_in_tags', 'Shortining_Service', 'port', 'Domain_registeration_length']",0.6890145395799677
351,"['popUpWidnow', 'HTTPS_token', 'Abnormal_URL', 'Links_pointing_to_page', 'RightClick']",0.68899815611555
324,"['RightClick', 'having_At_Symbol', 'Links_pointing_to_page', 'URL_Length', 'Favicon']",0.6889738687061823
1,"['RightClick', 'having_At_Symbol', 'having_IP_Address', 'age_of_domain', 'Domain_registeration_length']",0.6880294659300185
316,"['Request_URL', 'Redirect', 'HTTPS_token', 'Favicon', 'Iframe']",0.6880244088482075
450,"['Abnormal_URL', 'popUpWidnow', 'Request_URL', 'Favicon', 'Domain_registeration_length']",0.6879547291835085
125,"['Abnormal_URL', 'port', 'having_IP_Address', 'having_At_Symbol', 'Links_pointing_to_page']",0.6876295784381479
91,"['Submitting_to_email', 'Domain_registeration_length', 'double_slash_redirecting', 'Statistical_report', 'HTTPS_token']",0.6874524714828897
376,"['having_At_Symbol', 'web_traffic', 'Iframe', 'Google_Index', 'RightClick']",0.6871834826645891
262,"['popUpWidnow', 'Request_URL', 'Page_Rank', 'DNSRecord', 'Abnormal_URL']",0.6871301775147929
368,"['age_of_domain', 'web_traffic', 'Statistical_report', 'Google_Index', 'popUpWidnow']",0.6864043630697312
411,"['having_Sub_Domain', 'Favicon', 'DNSRecord', 'double_slash_redirecting', 'Domain_registeration_length']",0.6855753646677472
433,"['Google_Index', 'RightClick', 'port', 'double_slash_redirecting', 'Links_in_tags']",0.685500340367597
452,"['Google_Index', 'double_slash_redirecting', 'port', 'Shortining_Service', 'Redirect']",0.6853388658367912
454,"['RightClick', 'Iframe', 'popUpWidnow', 'Request_URL', 'double_slash_redirecting']",0.6852497096399536
318,"['Domain_registeration_length', 'having_IP_Address', 'Redirect', 'Google_Index', 'popUpWidnow']",0.6849423917361939
23,"['Domain_registeration_length', 'Statistical_report', 'RightClick', 'Iframe', 'Abnormal_URL']",0.6849209409949865
58,"['Links_pointing_to_page', 'URL_Length', 'Google_Index', 'port', 'Shortining_Service']",0.6845998655010087
372,"['Links_in_tags', 'Shortining_Service', 'Links_pointing_to_page', 'port', 'on_mouseover']",0.6844583987441131
476,"['double_slash_redirecting', 'Google_Index', 'Domain_registeration_length', 'URL_Length', 'RightClick']",0.684395776300352
402,"['HTTPS_token', 'Favicon', 'age_of_domain', 'port', 'DNSRecord']",0.6843163538873994
274,"['Statistical_report', 'having_At_Symbol', 'Links_in_tags', 'RightClick', 'Page_Rank']",0.6841686555290374
71,"['Abnormal_URL', 'Page_Rank', 'having_IP_Address', 'Shortining_Service', 'Statistical_report']",0.6838134430727023
385,"['URL_Length', 'Redirect', 'Abnormal_URL', 'port', 'popUpWidnow']",0.6836340206185567
246,"['RightClick', 'double_slash_redirecting', 'Statistical_report', 'Domain_registeration_length', 'Page_Rank']",0.6835908756438558
109,"['Links_pointing_to_page', 'Statistical_report', 'web_traffic', 'Google_Index', 'URL_Length']",0.6835541699142634
255,"['DNSRecord', 'popUpWidnow', 'Page_Rank', 'Domain_registeration_length', 'Redirect']",0.6834979875594585
89,"['Statistical_report', 'Shortining_Service', 'having_IP_Address', 'Links_in_tags', 'on_mouseover']",0.6834620073141
394,"['on_mouseover', 'popUpWidnow', 'RightClick', 'Abnormal_URL', 'having_IP_Address']",0.6834075015893197
134,"['port', 'popUpWidnow', 'Google_Index', 'having_At_Symbol', 'age_of_domain']",0.6833855799373041
297,"['Google_Index', 'popUpWidnow', 'Abnormal_URL', 'Request_URL', 'port']",0.6832247557003257
94,"['Favicon', 'on_mouseover', 'web_traffic', 'RightClick', 'Submitting_to_email']",0.6828729281767956
451,"['age_of_domain', 'Google_Index', 'popUpWidnow', 'Statistical_report', 'on_mouseover']",0.6827366182204891
435,"['web_traffic', 'Domain_registeration_length', 'Redirect', 'URL_Length', 'HTTPS_token']",0.6821138211382114
399,"['Request_URL', 'Shortining_Service', 'double_slash_redirecting', 'age_of_domain', 'RightClick']",0.6820631254811393
395,"['on_mouseover', 'Statistical_report', 'popUpWidnow', 'Page_Rank', 'Iframe']",0.6820580474934037
448,"['DNSRecord', 'port', 'popUpWidnow', 'on_mouseover', 'URL_Length']",0.6805060006487188
465,"['port', 'Links_pointing_to_page', 'DNSRecord', 'on_mouseover', 'double_slash_redirecting']",0.6802582398912674
431,"['DNSRecord', 'Redirect', 'Links_in_tags', 'popUpWidnow', 'Statistical_report']",0.6800693240901213
42,"['RightClick', 'Favicon', 'Page_Rank', 'Submitting_to_email', 'on_mouseover']",0.679305912596401
264,"['port', 'having_At_Symbol', 'DNSRecord', 'Request_URL', 'Google_Index']",0.6789940828402367
478,"['having_At_Symbol', 'Iframe', 'Google_Index', 'Submitting_to_email', 'Favicon']",0.6780965710286914
393,"['Google_Index', 'Abnormal_URL', 'DNSRecord', 'Page_Rank', 'on_mouseover']",0.6774788057500921
302,"['DNSRecord', 'RightClick', 'Iframe', 'Google_Index', 'having_At_Symbol']",0.6773855295351275
438,"['RightClick', 'Google_Index', 'Shortining_Service', 'on_mouseover', 'Submitting_to_email']",0.6766712141882674
169,"['DNSRecord', 'Redirect', 'Iframe', 'having_IP_Address', 'Google_Index']",0.6762688614540466
77,"['Iframe', 'SFH', 'double_slash_redirecting', 'having_Sub_Domain', 'Favicon']",0.6762652705061082
291,"['URL_Length', 'double_slash_redirecting', 'Submitting_to_email', 'Redirect', 'port']",0.6758893280632411
425,"['Shortining_Service', 'Submitting_to_email', 'RightClick', 'having_At_Symbol', 'having_Sub_Domain']",0.6757679180887372
103,"['port', 'DNSRecord', 'double_slash_redirecting', 'RightClick', 'Domain_registeration_length']",0.6753445635528331
44,"['Abnormal_URL', 'DNSRecord', 'Statistical_report', 'Submitting_to_email', 'having_IP_Address']",0.6753074111000332
207,"['Links_in_tags', 'Redirect', 'on_mouseover', 'popUpWidnow', 'Request_URL']",0.6751188589540412
319,"['DNSRecord', 'age_of_domain', 'URL_Length', 'Statistical_report', 'on_mouseover']",0.6748080949057921
296,"['Request_URL', 'RightClick', 'Shortining_Service', 'Google_Index', 'port']",0.6748066748066748
223,"['Submitting_to_email', 'on_mouseover', 'Favicon', 'having_At_Symbol', 'Page_Rank']",0.6747620610436494
444,"['port', 'Iframe', 'Shortining_Service', 'Submitting_to_email', 'RightClick']",0.6744701043973426
432,"['Links_pointing_to_page', 'Redirect', 'RightClick', 'on_mouseover', 'port']",0.6733466933867736
181,"['Links_in_tags', 'port', 'DNSRecord', 'Links_pointing_to_page', 'Request_URL']",0.6731078904991948
388,"['URL_Length', 'Favicon', 'on_mouseover', 'HTTPS_token', 'having_At_Symbol']",0.6730200460072298
366,"['DNSRecord', 'HTTPS_token', 'Submitting_to_email', 'Redirect', 'having_At_Symbol']",0.671414038657172
198,"['Submitting_to_email', 'RightClick', 'port', 'having_IP_Address', 'Google_Index']",0.6712995135510771
88,"['Favicon', 'Links_in_tags', 'port', 'Statistical_report', 'DNSRecord']",0.6708727655099895
28,"['having_Sub_Domain', 'RightClick', 'SFH', 'Request_URL', 'Links_pointing_to_page']",0.6708520179372197
145,"['on_mouseover', 'port', 'Shortining_Service', 'Page_Rank', 'DNSRecord']",0.6706502636203866
357,"['DNSRecord', 'Abnormal_URL', 'having_Sub_Domain', 'Redirect', 'Page_Rank']",0.6694525699958211
87,"['Domain_registeration_length', 'Request_URL', 'double_slash_redirecting', 'popUpWidnow', 'RightClick']",0.6688741721854304
85,"['Redirect', 'Submitting_to_email', 'port', 'Statistical_report', 'Domain_registeration_length']",0.6688077077478924
95,"['having_IP_Address', 'popUpWidnow', 'Page_Rank', 'Abnormal_URL', 'Favicon']",0.6682659355723098
373,"['double_slash_redirecting', 'Shortining_Service', 'Domain_registeration_length', 'on_mouseover', 'RightClick']",0.6681887366818874
371,"['popUpWidnow', 'having_At_Symbol', 'SFH', 'Iframe', 'Statistical_report']",0.6680584551148225
389,"['Redirect', 'Submitting_to_email', 'having_Sub_Domain', 'double_slash_redirecting', 'popUpWidnow']",0.6679672259071401
27,"['Statistical_report', 'Redirect', 'Links_pointing_to_page', 'Iframe', 'port']",0.6675824175824175
397,"['Favicon', 'Statistical_report', 'port', 'HTTPS_token', 'having_IP_Address']",0.6666666666666666
407,"['having_Sub_Domain', 'DNSRecord', 'Submitting_to_email', 'having_At_Symbol', 'HTTPS_token']",0.666403162055336
177,"['on_mouseover', 'Abnormal_URL', 'having_IP_Address', 'Statistical_report', 'Request_URL']",0.6663924310983135
244,"['web_traffic', 'RightClick', 'Redirect', 'popUpWidnow', 'Statistical_report']",0.665648854961832
144,"['Shortining_Service', 'Favicon', 'Submitting_to_email', 'popUpWidnow', 'RightClick']",0.6655865197666883
270,"['Links_in_tags', 'Links_pointing_to_page', 'Iframe', 'SFH', 'having_At_Symbol']",0.6654991243432574
78,"['having_Sub_Domain', 'URL_Length', 'Redirect', 'age_of_domain', 'Abnormal_URL']",0.6653354632587859
65,"['RightClick', 'having_At_Symbol', 'URL_Length', 'Request_URL', 'age_of_domain']",0.6653225806451613
237,"['Favicon', 'Redirect', 'on_mouseover', 'URL_Length', 'age_of_domain']",0.6646606486125042
457,"['double_slash_redirecting', 'popUpWidnow', 'Iframe', 'Page_Rank', 'age_of_domain']",0.6643009226401704
136,"['port', 'Request_URL', 'Iframe', 'Favicon', 'Abnormal_URL']",0.6631578947368421
374,"['Redirect', 'Abnormal_URL', 'Iframe', 'port', 'Request_URL']",0.6631578947368421
133,"['Shortining_Service', 'popUpWidnow', 'Statistical_report', 'port', 'on_mouseover']",0.6630944407233758
463,"['having_At_Symbol', 'Submitting_to_email', 'DNSRecord', 'Abnormal_URL', 'Page_Rank']",0.6628407460545194
141,"['Redirect', 'on_mouseover', 'RightClick', 'port', 'Links_in_tags']",0.6620139581256231
455,"['on_mouseover', 'Iframe', 'Shortining_Service', 'Favicon', 'Abnormal_URL']",0.6619446233097231
157,"['port', 'DNSRecord', 'Links_pointing_to_page', 'Links_in_tags', 'on_mouseover']",0.6612149532710281
210,"['port', 'Domain_registeration_length', 'Links_pointing_to_page', 'on_mouseover', 'Iframe']",0.6600397614314115
111,"['popUpWidnow', 'having_At_Symbol', 'HTTPS_token', 'DNSRecord', 'Abnormal_URL']",0.6593947923997185
90,"['Redirect', 'having_At_Symbol', 'Shortining_Service', 'Abnormal_URL', 'having_Sub_Domain']",0.6593906321055025
20,"['popUpWidnow', 'Domain_registeration_length', 'Iframe', 'Statistical_report', 'RightClick']",0.6593673965936739
38,"['DNSRecord', 'Domain_registeration_length', 'RightClick', 'port', 'having_At_Symbol']",0.6588991562876657
96,"['Statistical_report', 'popUpWidnow', 'having_At_Symbol', 'Links_pointing_to_page', 'double_slash_redirecting']",0.658831662633944
151,"['RightClick', 'Iframe', 'having_IP_Address', 'Links_pointing_to_page', 'DNSRecord']",0.6588235294117647
400,"['having_IP_Address', 'Shortining_Service', 'age_of_domain', 'Submitting_to_email', 'having_Sub_Domain']",0.6576271186440678
279,"['age_of_domain', 'Links_pointing_to_page', 'double_slash_redirecting', 'Google_Index', 'Shortining_Service']",0.6569900687547746
170,"['Links_pointing_to_page', 'DNSRecord', 'Redirect', 'Request_URL', 'SFH']",0.656093489148581
15,"['Links_pointing_to_page', 'Google_Index', 'HTTPS_token', 'Redirect', 'having_Sub_Domain']",0.6557886557886557
354,"['popUpWidnow', 'having_Sub_Domain', 'RightClick', 'on_mouseover', 'having_IP_Address']",0.6556263269639065
13,"['Abnormal_URL', 'having_At_Symbol', 'Statistical_report', 'Request_URL', 'Shortining_Service']",0.6556154164939909
99,"['Iframe', 'port', 'having_Sub_Domain', 'popUpWidnow', 'RightClick']",0.6547392462885421
162,"['Domain_registeration_length', 'DNSRecord', 'Submitting_to_email', 'SFH', 'RightClick']",0.6532622076323349
10,"['having_Sub_Domain', 'DNSRecord', 'port', 'having_At_Symbol', 'Shortining_Service']",0.6530775379696243
192,"['Favicon', 'Redirect', 'popUpWidnow', 'Statistical_report', 'Request_URL']",0.6528541226215645
249,"['Statistical_report', 'Favicon', 'Links_in_tags', 'having_At_Symbol', 'Iframe']",0.6517434352130865
434,"['Shortining_Service', 'SFH', 'Links_in_tags', 'RightClick', 'Favicon']",0.6515837104072398
284,"['Links_in_tags', 'Abnormal_URL', 'SFH', 'HTTPS_token', 'port']",0.6512681159420289
251,"['Abnormal_URL', 'SFH', 'Links_in_tags', 'Shortining_Service', 'on_mouseover']",0.6509305492510213
473,"['HTTPS_token', 'popUpWidnow', 'Redirect', 'Links_in_tags', 'DNSRecord']",0.6506318793314309
485,"['port', 'Statistical_report', 'having_At_Symbol', 'Page_Rank', 'Iframe']",0.6494051784464661
494,"['Links_in_tags', 'Shortining_Service', 'having_At_Symbol', 'Page_Rank', 'Links_pointing_to_page']",0.6472545757071547
412,"['Favicon', 'port', 'having_At_Symbol', 'having_IP_Address', 'SFH']",0.646811760213822
228,"['having_At_Symbol', 'Google_Index', 'having_IP_Address', 'Redirect', 'Favicon']",0.6444691083980763
377,"['RightClick', 'Links_pointing_to_page', 'DNSRecord', 'Abnormal_URL', 'age_of_domain']",0.6444188722669736
220,"['age_of_domain', 'having_Sub_Domain', 'port', 'having_At_Symbol', 'Abnormal_URL']",0.6423927178153446
45,"['on_mouseover', 'port', 'SFH', 'having_IP_Address', 'having_At_Symbol']",0.6409861325115562
365,"['having_At_Symbol', 'age_of_domain', 'Shortining_Service', 'SFH', 'Links_in_tags']",0.6351851851851852
426,"['Links_pointing_to_page', 'DNSRecord', 'HTTPS_token', 'age_of_domain', 'Page_Rank']",0.6324720401079831
60,"['having_Sub_Domain', 'Abnormal_URL', 'double_slash_redirecting', 'age_of_domain', 'Statistical_report']",0.6272493573264781
48,"['Shortining_Service', 'age_of_domain', 'SFH', 'Page_Rank', 'DNSRecord']",0.6257459505541347
3,"['age_of_domain', 'Links_pointing_to_page', 'Abnormal_URL', 'Shortining_Service', 'Redirect']",0.6255436931593515
323,"['popUpWidnow', 'DNSRecord', 'age_of_domain', 'Page_Rank', 'double_slash_redirecting']",0.6245586504511573
37,"['popUpWidnow', 'age_of_domain', 'having_At_Symbol', 'Links_pointing_to_page', 'Abnormal_URL']",0.6237547892720307
191,"['Favicon', 'having_At_Symbol', 'Redirect', 'having_IP_Address', 'Statistical_report']",0.6189597934341572
52,"['DNSRecord', 'age_of_domain', 'Iframe', 'having_Sub_Domain', 'Favicon']",0.6175663311985361
282,"['Page_Rank', 'having_IP_Address', 'Favicon', 'age_of_domain', 'Redirect']",0.615505090054816
464,"['age_of_domain', 'Links_pointing_to_page', 'Submitting_to_email', 'URL_Length', 'popUpWidnow']",0.6088726088726089
248,"['Favicon', 'on_mouseover', 'age_of_domain', 'Page_Rank', 'Redirect']",0.5985576923076923
326,"['age_of_domain', 'double_slash_redirecting', 'Shortining_Service', 'Statistical_report', 'Favicon']",0.5940928270042194
320,"['age_of_domain', 'SFH', 'Page_Rank', 'Links_pointing_to_page', 'Favicon']",0.5863970588235294
218,"['age_of_domain', 'Abnormal_URL', 'port', 'HTTPS_token', 'Iframe']",0.5845012366034625
487,"['Favicon', 'Statistical_report', 'Page_Rank', 'SFH', 'Iframe']",0.5786754344762799
437,"['URL_Length', 'HTTPS_token', 'Page_Rank', 'Favicon', 'Shortining_Service']",0.5750326228795128
488,"['Page_Rank', 'double_slash_redirecting', 'DNSRecord', 'Iframe', 'SFH']",0.5697192820984813
442,"['on_mouseover', 'SFH', 'Submitting_to_email', 'double_slash_redirecting', 'URL_Length']",0.558736426456071
183,"['SFH', 'having_IP_Address', 'age_of_domain', 'Abnormal_URL', 'URL_Length']",0.5536332179930796
49,"['Abnormal_URL', 'DNSRecord', 'double_slash_redirecting', 'popUpWidnow', 'SFH']",0.5522018802572983
343,"['double_slash_redirecting', 'URL_Length', 'Favicon', 'SFH', 'having_At_Symbol']",0.5469915464942815
339,"['SFH', 'having_IP_Address', 'on_mouseover', 'Links_pointing_to_page', 'Abnormal_URL']",0.5467552376085846
495,"['SFH', 'on_mouseover', 'Abnormal_URL', 'having_IP_Address', 'RightClick']",0.5358255451713395
477,"['SFH', 'Google_Index', 'HTTPS_token', 'Abnormal_URL', 'Statistical_report']",0.5334685598377282
267,"['Submitting_to_email', 'HTTPS_token', 'on_mouseover', 'DNSRecord', 'SFH']",0.5320145757418011
107,"['Page_Rank', 'HTTPS_token', 'Redirect', 'Abnormal_URL', 'double_slash_redirecting']",0.5301204819277109
382,"['double_slash_redirecting', 'popUpWidnow', 'Statistical_report', 'SFH', 'Shortining_Service']",0.5290519877675841
421,"['Page_Rank', 'Iframe', 'Statistical_report', 'HTTPS_token', 'Shortining_Service']",0.5255613951266125
298,"['RightClick', 'Iframe', 'Links_pointing_to_page', 'DNSRecord', 'SFH']",0.5230024213075061
275,"['double_slash_redirecting', 'SFH', 'Statistical_report', 'Iframe', 'Favicon']",0.5149449396958574
294,"['Google_Index', 'RightClick', 'double_slash_redirecting', 'Shortining_Service', 'SFH']",0.511823436678928
106,"['Links_pointing_to_page', 'Iframe', 'double_slash_redirecting', 'Abnormal_URL', 'URL_Length']",0.49852216748768474
409,"['SFH', 'Submitting_to_email', 'popUpWidnow', 'Favicon', 'URL_Length']",0.48970976253298154
79,"['URL_Length', 'age_of_domain', 'port', 'Redirect', 'SFH']",0.48436671966083733
241,"['Iframe', 'on_mouseover', 'SFH', 'Favicon', 'URL_Length']",0.4823529411764706
429,"['double_slash_redirecting', 'DNSRecord', 'RightClick', 'Shortining_Service', 'Prefix_Suffix']",0.38451443569553806
34,"['double_slash_redirecting', 'RightClick', 'Prefix_Suffix', 'web_traffic', 'popUpWidnow']",0.38451443569553806
479,"['Shortining_Service', 'DNSRecord', 'Prefix_Suffix', 'Domain_registeration_length', 'Links_in_tags']",0.38451443569553806
256,"['URL_Length', 'DNSRecord', 'Prefix_Suffix', 'SFH', 'Submitting_to_email']",0.38451443569553806
138,"['popUpWidnow', 'age_of_domain', 'Links_pointing_to_page', 'Prefix_Suffix', 'on_mouseover']",0.38451443569553806
303,"['Links_in_tags', 'Prefix_Suffix', 'Iframe', 'Favicon', 'Links_pointing_to_page']",0.38451443569553806
475,"['Prefix_Suffix', 'Page_Rank', 'having_Sub_Domain', 'web_traffic', 'on_mouseover']",0.38451443569553806
260,"['port', 'popUpWidnow', 'having_At_Symbol', 'Google_Index', 'Prefix_Suffix']",0.38451443569553806
361,"['Prefix_Suffix', 'having_At_Symbol', 'popUpWidnow', 'Google_Index', 'having_IP_Address']",0.38451443569553806
93,"['Prefix_Suffix', 'Links_in_tags', 'Page_Rank', 'Abnormal_URL', 'Iframe']",0.38451443569553806
306,"['URL_of_Anchor', 'Redirect', 'popUpWidnow', 'web_traffic', 'Prefix_Suffix']",0.38451443569553806
39,"['Favicon', 'URL_of_Anchor', 'Prefix_Suffix', 'Links_in_tags', 'having_IP_Address']",0.38451443569553806
41,"['Prefix_Suffix', 'Submitting_to_email', 'Statistical_report', 'having_At_Symbol', 'Google_Index']",0.38451443569553806
307,"['Prefix_Suffix', 'Shortining_Service', 'on_mouseover', 'Google_Index', 'Request_URL']",0.38451443569553806
257,"['RightClick', 'Links_in_tags', 'Statistical_report', 'Domain_registeration_length', 'Prefix_Suffix']",0.38451443569553806
363,"['Redirect', 'port', 'having_IP_Address', 'Prefix_Suffix', 'Domain_registeration_length']",0.38451443569553806
43,"['having_Sub_Domain', 'double_slash_redirecting', 'HTTPS_token', 'DNSRecord', 'Prefix_Suffix']",0.38451443569553806
272,"['Iframe', 'Prefix_Suffix', 'Favicon', 'Abnormal_URL', 'having_IP_Address']",0.38451443569553806
498,"['SSLfinal_State', 'Redirect', 'URL_of_Anchor', 'Prefix_Suffix', 'popUpWidnow']",0.38451443569553806
113,"['double_slash_redirecting', 'Statistical_report', 'SSLfinal_State', 'Google_Index', 'Prefix_Suffix']",0.38451443569553806
8,"['Google_Index', 'having_IP_Address', 'DNSRecord', 'web_traffic', 'Prefix_Suffix']",0.38451443569553806
114,"['web_traffic', 'Prefix_Suffix', 'Links_pointing_to_page', 'URL_of_Anchor', 'having_IP_Address']",0.38451443569553806
396,"['Domain_registeration_length', 'having_IP_Address', 'Prefix_Suffix', 'Iframe', 'DNSRecord']",0.38451443569553806
115,"['Prefix_Suffix', 'age_of_domain', 'Statistical_report', 'port', 'web_traffic']",0.38451443569553806
398,"['Prefix_Suffix', 'Google_Index', 'double_slash_redirecting', 'Redirect', 'popUpWidnow']",0.38451443569553806
22,"['age_of_domain', 'SSLfinal_State', 'Prefix_Suffix', 'Links_in_tags', 'Request_URL']",0.38451443569553806
19,"['RightClick', 'Page_Rank', 'HTTPS_token', 'Prefix_Suffix', 'having_Sub_Domain']",0.38451443569553806
117,"['age_of_domain', 'web_traffic', 'SSLfinal_State', 'Domain_registeration_length', 'Prefix_Suffix']",0.38451443569553806
401,"['Request_URL', 'URL_of_Anchor', 'Links_in_tags', 'port', 'Prefix_Suffix']",0.38451443569553806
126,"['Domain_registeration_length', 'Prefix_Suffix', 'Redirect', 'URL_Length', 'having_At_Symbol']",0.38451443569553806
21,"['Shortining_Service', 'on_mouseover', 'RightClick', 'Prefix_Suffix', 'Abnormal_URL']",0.38451443569553806
404,"['double_slash_redirecting', 'Prefix_Suffix', 'DNSRecord', 'on_mouseover', 'URL_Length']",0.38451443569553806
468,"['Prefix_Suffix', 'age_of_domain', 'Links_in_tags', 'URL_Length', 'URL_of_Anchor']",0.38451443569553806
466,"['on_mouseover', 'Request_URL', 'double_slash_redirecting', 'Prefix_Suffix', 'Page_Rank']",0.38451443569553806
201,"['double_slash_redirecting', 'URL_of_Anchor', 'Prefix_Suffix', 'age_of_domain', 'Submitting_to_email']",0.38451443569553806
143,"['web_traffic', 'Links_pointing_to_page', 'age_of_domain', 'Prefix_Suffix', 'popUpWidnow']",0.38451443569553806
208,"['port', 'having_IP_Address', 'SFH', 'Google_Index', 'Prefix_Suffix']",0.38451443569553806
428,"['double_slash_redirecting', 'Domain_registeration_length', 'having_Sub_Domain', 'Prefix_Suffix', 'on_mouseover']",0.38451443569553806
190,"['Iframe', 'having_At_Symbol', 'DNSRecord', 'Page_Rank', 'Prefix_Suffix']",0.38451443569553806
74,"['URL_Length', 'Prefix_Suffix', 'Request_URL', 'having_IP_Address', 'Domain_registeration_length']",0.38451443569553806
189,"['DNSRecord', 'HTTPS_token', 'Prefix_Suffix', 'on_mouseover', 'age_of_domain']",0.38451443569553806
329,"['Submitting_to_email', 'Statistical_report', 'Domain_registeration_length', 'Page_Rank', 'Prefix_Suffix']",0.38451443569553806
72,"['DNSRecord', 'Google_Index', 'SSLfinal_State', 'Prefix_Suffix', 'URL_of_Anchor']",0.38451443569553806
221,"['DNSRecord', 'Iframe', 'Prefix_Suffix', 'having_Sub_Domain', 'age_of_domain']",0.38451443569553806
68,"['Prefix_Suffix', 'Domain_registeration_length', 'Links_in_tags', 'SSLfinal_State', 'Google_Index']",0.38451443569553806
424,"['age_of_domain', 'port', 'SSLfinal_State', 'DNSRecord', 'Prefix_Suffix']",0.38451443569553806
327,"['port', 'age_of_domain', 'URL_of_Anchor', 'Prefix_Suffix', 'having_Sub_Domain']",0.38451443569553806
104,"['Prefix_Suffix', 'age_of_domain', 'Links_in_tags', 'Abnormal_URL', 'Iframe']",0.38451443569553806
446,"['Links_in_tags', 'Submitting_to_email', 'on_mouseover', 'Prefix_Suffix', 'HTTPS_token']",0.38451443569553806
80,"['Submitting_to_email', 'Statistical_report', 'Google_Index', 'Prefix_Suffix', 'URL_Length']",0.38451443569553806
224,"['having_Sub_Domain', 'Favicon', 'SSLfinal_State', 'HTTPS_token', 'Prefix_Suffix']",0.38451443569553806
420,"['port', 'Prefix_Suffix', 'web_traffic', 'on_mouseover', 'Links_in_tags']",0.38451443569553806
81,"['Submitting_to_email', 'Shortining_Service', 'Google_Index', 'Prefix_Suffix', 'on_mouseover']",0.38451443569553806
229,"['SFH', 'Links_in_tags', 'port', 'Prefix_Suffix', 'URL_Length']",0.38451443569553806
179,"['URL_of_Anchor', 'double_slash_redirecting', 'Google_Index', 'Links_in_tags', 'Prefix_Suffix']",0.38451443569553806
176,"['Prefix_Suffix', 'Page_Rank', 'Links_in_tags', 'Statistical_report', 'double_slash_redirecting']",0.38451443569553806
239,"['popUpWidnow', 'Shortining_Service', 'Prefix_Suffix', 'SSLfinal_State', 'Abnormal_URL']",0.38451443569553806
240,"['Shortining_Service', 'Prefix_Suffix', 'having_IP_Address', 'URL_of_Anchor', 'Links_in_tags']",0.38451443569553806
50,"['Abnormal_URL', 'Prefix_Suffix', 'Domain_registeration_length', 'Submitting_to_email', 'Google_Index']",0.38451443569553806
160,"['Prefix_Suffix', 'age_of_domain', 'Google_Index', 'SFH', 'Links_in_tags']",0.38451443569553806
413,"['age_of_domain', 'URL_of_Anchor', 'Prefix_Suffix', 'double_slash_redirecting', 'Request_URL']",0.38451443569553806
460,"['HTTPS_token', 'Favicon', 'Prefix_Suffix', 'having_Sub_Domain', 'port']",0.38451443569553806
153,"['SSLfinal_State', 'Prefix_Suffix', 'web_traffic', 'Iframe', 'Submitting_to_email']",0.38451443569553806
312,"['Abnormal_URL', 'Prefix_Suffix', 'Shortining_Service', 'Links_in_tags', 'HTTPS_token']",0.38451443569553806
247,"['double_slash_redirecting', 'Shortining_Service', 'URL_Length', 'Prefix_Suffix', 'web_traffic']",0.38451443569553806
445,"['Prefix_Suffix', 'URL_Length', 'SSLfinal_State', 'Iframe', 'Links_in_tags']",0.38451443569553806
499,"['popUpWidnow', 'Shortining_Service', 'Submitting_to_email', 'HTTPS_token', 'Abnormal_URL']",0.3333333333333333
